pair,base,quote,state,tags,last_updated
gummyusdt,gummy,usdt,offline,st,2025-10-28 22:54:37
lunasolusdt,lunasol,usdt,offline,st,2025-10-28 22:54:37
lithusdt,lith,usdt,offline,st,2025-10-28 22:54:37
fofarusdt,fofar,usdt,offline,"st,abnormalmarket",2025-10-28 22:54:37
omniausdt,omnia,usdt,offline,st,2025-10-28 22:54:37
diousdt,dio,usdt,offline,st,2025-10-28 22:54:37
gmeusdt,gme,usdt,offline,st,2025-10-28 22:54:37
eurtusdt,eurt,usdt,online,st,2025-10-28 22:54:37
gqusdt,gq,usdt,offline,st,2025-10-28 22:54:37
srmusdt,srm,usdt,offline,st,2025-10-28 22:54:37
bnsxusdt,bnsx,usdt,offline,st,2025-10-28 22:54:37
desousdt,deso,usdt,offline,st,2025-10-28 22:54:37
xtmusdt,xtm,usdt,offline,st,2025-10-28 22:54:37
lfusdt,lf,usdt,online,st,2025-10-28 22:54:37
hifiusdt,hifi,usdt,offline,st,2025-10-28 22:54:37
tntbtc,tnt,btc,offline,st,2025-10-28 22:54:37
osteth,ost,eth,offline,st,2025-10-28 22:54:37
mtlbtc,mtlold,btc,offline,"griddisabled,st",2025-10-28 22:54:37
avaaiusdt,avaai,usdt,online,st,2025-10-28 22:54:37
mubiusdt,mubi,usdt,offline,st,2025-10-28 22:54:37
evxbtc,evx,btc,offline,st,2025-10-28 22:54:37
gariusdt,gari,usdt,offline,st,2025-10-28 22:54:37
topusdt,top,usdt,online,st,2025-10-28 22:54:37
msnusdt,msn,usdt,offline,st,2025-10-28 22:54:37
adpusdt,adp,usdt,offline,st,2025-10-28 22:54:37
nyanusdt,nyan,usdt,offline,st,2025-10-28 22:54:37
aceusdt,ace,usdt,online,st,2025-10-28 22:54:37
elizausdt,eliza,usdt,offline,st,2025-10-28 22:54:37
bcxbtc,bcx,btc,offline,"st,abnormalmarket",2025-10-28 22:54:37
luceusdt,luce,usdt,offline,st,2025-10-28 22:54:37
causdt,ca,usdt,online,st,2025-10-28 22:54:37
slopusdt,slop,usdt,offline,st,2025-10-28 22:54:37
ctrlusdt,ctrl,usdt,offline,st,2025-10-28 22:54:37
lunbtc,lun,btc,offline,st,2025-10-28 22:54:37
alusdt,al,usdt,online,st,2025-10-28 22:54:37
lbaeth,lba,eth,offline,"st,highrisk",2025-10-28 22:54:37
rlyusdt,rly,usdt,offline,st,2025-10-28 22:54:37
bullyusdt,bully,usdt,offline,st,2025-10-28 22:54:37
nglusdt,ngl,usdt,offline,st,2025-10-28 22:54:37
unfiusdt,unfi,usdt,offline,st,2025-10-28 22:54:37
tavausdt,tava,usdt,online,st,2025-10-28 22:54:37
ssgusdt,ssg,usdt,offline,st,2025-10-28 22:54:37
vlxusdt,vlx,usdt,offline,st,2025-10-28 22:54:37
laiusdt,lai,usdt,offline,st,2025-10-28 22:54:37
grokcoinusdt,grokcoin,usdt,offline,st,2025-10-28 22:54:37
gearboxusdt,gearbox,usdt,online,st,2025-10-28 22:54:37
pizzausdt,pizza,usdt,offline,st,2025-10-28 22:54:37
zlabtc,zla,btc,offline,st,2025-10-28 22:54:37
saltbtc,salt,btc,offline,st,2025-10-28 22:54:37
rtfusdt,rtf,usdt,offline,st,2025-10-28 22:54:37
slothusdt,sloth,usdt,offline,st,2025-10-28 22:54:37
btfusdt,btf,usdt,offline,st,2025-10-28 22:54:37
motherusdt,mother,usdt,offline,st,2025-10-28 22:54:37
tomiusdt,tomi,usdt,offline,st,2025-10-28 22:54:37
doseusdt,dose,usdt,offline,st,2025-10-28 22:54:37
sukuusdt,suku,usdt,online,st,2025-10-28 22:54:37
dcusdt,dc,usdt,offline,st,2025-10-28 22:54:37
rcnbtc,rcn,btc,offline,"griddisabled,st",2025-10-28 22:54:37
wlknusdt,wlkn,usdt,offline,st,2025-10-28 22:54:37
evmosusdt,evmos,usdt,offline,st,2025-10-28 22:54:37
xrusdt,xr,usdt,online,st,2025-10-28 22:54:37
smoleusdt,smole,usdt,offline,st,2025-10-28 22:54:37
nestusdt,nest,usdt,offline,st,2025-10-28 22:54:37
bifibtc,bifi,btc,offline,"st,abnormalmarket",2025-10-28 22:54:37
gnsusdt,gns,usdt,offline,st,2025-10-28 22:54:37
paramusdt,param,usdt,offline,st,2025-10-28 22:54:37
degenaiusdt,degenai,usdt,offline,st,2025-10-28 22:54:37
mongusdt,mong,usdt,offline,st,2025-10-28 22:54:37
bldusdt,bld,usdt,offline,st,2025-10-28 22:54:37
sporeusdt,spore,usdt,offline,st,2025-10-28 22:54:37
cvpusdt,cvp,usdt,offline,st,2025-10-28 22:54:37
flzusdc,flz,usdc,online,st,2025-10-28 22:54:37
insurusdt,insur,usdt,offline,st,2025-10-28 22:54:37
smileyusdt,smiley,usdt,offline,st,2025-10-28 22:54:37
fancusdt,fanc,usdt,offline,st,2025-10-28 22:54:37
uftusdt,uft,usdt,offline,"st,abnormalmarket",2025-10-28 22:54:37
xcadusdt,xcad,usdt,offline,st,2025-10-28 22:54:37
wxtusdt,wxt,usdt,offline,st,2025-10-28 22:54:37
grokusdt,grok,usdt,online,st,2025-10-28 22:54:37
zkfusdt,zkf,usdt,offline,st,2025-10-28 22:54:37
zkpusdt,zkp,usdt,online,st,2025-10-28 22:54:37
poohusdt,pooh,usdt,offline,st,2025-10-28 22:54:37
smtusdt,smt,usdt,offline,st,2025-10-28 22:54:37
avacnusdt,avacn,usdt,offline,st,2025-10-28 22:54:37
ivfunusdt,ivfun,usdt,offline,st,2025-10-28 22:54:37
forusdt,for,usdt,offline,st,2025-10-28 22:54:37
vinuusdt,vinu,usdt,online,st,2025-10-28 22:54:37
kaonusdt,kaon,usdt,offline,"st,activities",2025-10-28 22:54:37
rbtcbtc,rbtc,btc,offline,st,2025-10-28 22:54:37
flzusdt,flz,usdt,online,st,2025-10-28 22:54:37
tnteth,tnt,eth,offline,st,2025-10-28 22:54:37
orbrusdt,orbr,usdt,offline,st,2025-10-28 22:54:37
azerousdt,azero,usdt,offline,st,2025-10-28 22:54:37
acsusdt,acs,usdt,online,st,2025-10-28 22:54:37
bobusdt,bob,usdt,offline,"st,innovate",2025-10-28 22:54:37
polcusdt,polc,usdt,offline,st,2025-10-28 22:54:37
neirousdt,neiro,usdt,offline,st,2025-10-28 22:54:37
snceth,snc,eth,online,st,2025-10-28 22:54:37
wsmusdt,wsm,usdt,offline,st,2025-10-28 22:54:37
cruusdt,cru,usdt,offline,st,2025-10-28 22:54:37
zcxusdt,zcx,usdt,online,st,2025-10-28 22:54:37
xzkusdt,xzk,usdt,offline,st,2025-10-28 22:54:37
porkusdt,pork,usdt,offline,st,2025-10-28 22:54:37
zerolendusdt,zerolend,usdt,online,st,2025-10-28 22:54:37
xprtusdt,xprt,usdt,online,st,2025-10-28 22:54:37
sunwukongusdt,sunwukong,usdt,offline,st,2025-10-28 22:54:37
magausdt,maga,usdt,online,st,2025-10-28 22:54:37
grailusdt,grail,usdt,offline,"st,innovate",2025-10-28 22:54:37
muncatusdt,muncat,usdt,offline,st,2025-10-28 22:54:37
prqusdt,prq,usdt,offline,st,2025-10-28 22:54:37
pluusdt,plu,usdt,offline,st,2025-10-28 22:54:37
chousdt,cho,usdt,online,st,2025-10-28 22:54:37
tbullusdt,tbull,usdt,offline,st,2025-10-28 22:54:37
reiusdt,rei,usdt,online,st,2025-10-28 22:54:37
crtsusdt,crts,usdt,online,st,2025-10-28 22:54:37
asteth,ast,eth,offline,st,2025-10-28 22:54:37
blzusdt,blz,usdt,offline,st,2025-10-28 22:54:37
fightusdt,fight,usdt,offline,st,2025-10-28 22:54:37
trempusdt,tremp,usdt,offline,st,2025-10-28 22:54:37
lvnusdt,lvn,usdt,offline,st,2025-10-28 22:54:37
musicusdt,music,usdt,online,st,2025-10-28 22:54:37
sorausdt,sora,usdt,offline,st,2025-10-28 22:54:37
wwyusdt,wwy,usdt,offline,st,2025-10-28 22:54:37
rcneth,rcn,eth,offline,st,2025-10-28 22:54:37
epikusdt,epik,usdt,offline,st,2025-10-28 22:54:37
billyusdt,billy,usdt,offline,st,2025-10-28 22:54:37
revvusdt,revv,usdt,offline,st,2025-10-28 22:54:37
ingusdt,ing,usdt,offline,st,2025-10-28 22:54:37
sylousdt,sylo,usdt,online,st,2025-10-28 22:54:37
wifiusdt,wifi,usdt,online,st,2025-10-28 22:54:37
xenousdt,xeno,usdt,offline,st,2025-10-28 22:54:37
zlaeth,zla,eth,offline,st,2025-10-28 22:54:37
h2ousdt,h2o,usdt,offline,"st,abnormalmarket",2025-10-28 22:54:37
engeth,eng,eth,offline,"st,abnormalmarket",2025-10-28 22:54:37
comusdt,com,usdt,offline,st,2025-10-28 22:54:37
beerusdt,beer,usdt,offline,st,2025-10-28 22:54:37
bssbusdt,bssb,usdt,offline,st,2025-10-28 22:54:37
syntusdt,synt,usdt,offline,st,2025-10-28 22:54:37
kmdusdt,kmd,usdt,offline,st,2025-10-28 22:54:37
pandorausdt,pandora,usdt,offline,st,2025-10-28 22:54:37
vpadusdt,vpad,usdt,offline,st,2025-10-28 22:54:37
sttusdt,stt,usdt,offline,st,2025-10-28 22:54:37
ncasheth,ncash,eth,offline,st,2025-10-28 22:54:37
unibotusdt,unibot,usdt,offline,st,2025-10-28 22:54:37
cawusdt,caw,usdt,offline,st,2025-10-28 22:54:37
iguusdt,igu,usdt,offline,st,2025-10-28 22:54:37
berryusdt,berry,usdt,offline,st,2025-10-28 22:54:37
mcrtusdt,mcrt,usdt,online,st,2025-10-28 22:54:37
mrsusdt,mrs,usdt,suspend,,2025-10-28 22:54:37
bullausdt,bulla,usdt,online,st,2025-10-28 22:54:37
luneth,lun,eth,offline,st,2025-10-28 22:54:37
firousdt,firo,usdt,offline,st,2025-10-28 22:54:37
dckusdt,dck,usdt,online,st,2025-10-28 22:54:37
eluusdt,elu,usdt,offline,st,2025-10-28 22:54:37
ergusdt,erg,usdt,offline,st,2025-10-28 22:54:37
nulsusdt,nuls,usdt,online,st,2025-10-28 22:54:37
lljeffyusdt,lljeffy,usdt,offline,"st,innovate",2025-10-28 22:54:37
rdnbtc,rdn,btc,offline,st,2025-10-28 22:54:37
tybengusdt,tybeng,usdt,offline,st,2025-10-28 22:54:37
astousdt,asto,usdt,offline,st,2025-10-28 22:54:37
omgusdt,omg,usdt,online,st,2025-10-28 22:54:37
tenetusdt,tenet,usdt,offline,st,2025-10-28 22:54:37
sncbtc,snc,btc,online,st,2025-10-28 22:54:37
vsysusdt,vsys,usdt,online,st,2025-10-28 22:54:37
sfiusdt,sfi,usdt,offline,st,2025-10-28 22:54:37
wenusdt,wen,usdt,online,st,2025-10-28 22:54:37
lrdsusdt,lrds,usdt,online,st,2025-10-28 22:54:37
spellusdt,spell,usdt,online,st,2025-10-28 22:54:37
wnxmusdt,wnxm,usdt,offline,st,2025-10-28 22:54:37
amuusdt,amu,usdt,offline,st,2025-10-28 22:54:37
mevusdt,mev,usdt,offline,st,2025-10-28 22:54:37
juiceusdt,juice,usdt,offline,st,2025-10-28 22:54:37
analosusdt,analos,usdt,offline,st,2025-10-28 22:54:37
rocousdt,roco,usdt,offline,st,2025-10-28 22:54:37
orcusdt,orc,usdt,offline,st,2025-10-28 22:54:37
poolxusdt,poolx,usdt,offline,st,2025-10-28 22:54:37
miceusdt,mice,usdt,offline,st,2025-10-28 22:54:37
rainusdt,rain,usdt,offline,st,2025-10-28 22:54:37
borgusdt,borg,usdt,offline,st,2025-10-28 22:54:37
logxusdt,logx,usdt,offline,st,2025-10-28 22:54:37
vicusdt,vic,usdt,online,st,2025-10-28 22:54:37
mdxusdt,mdx,usdt,offline,st,2025-10-28 22:54:37
oxusdt,ox,usdt,online,st,2025-10-28 22:54:37
myrousdt,myro,usdt,online,st,2025-10-28 22:54:37
punduusdt,pundu,usdt,offline,st,2025-10-28 22:54:37
xpetusdt,xpet,usdt,offline,st,2025-10-28 22:54:37
nimusdt,nim,usdt,offline,st,2025-10-28 22:54:37
gmeeusdt,gmee,usdt,offline,st,2025-10-28 22:54:37
apedusdt,aped,usdt,offline,st,2025-10-28 22:54:37
ghibliusdt,ghibli,usdt,online,st,2025-10-28 22:54:37
turtusdt,turt,usdt,offline,st,2025-10-28 22:54:37
sovrnusdt,sovrn,usdt,offline,st,2025-10-28 22:54:37
mapousdt,mapo,usdt,online,st,2025-10-28 22:54:37
sbdusdt,sbd,usdt,online,st,2025-10-28 22:54:37
salteth,salt,eth,offline,st,2025-10-28 22:54:37
zuzaluusdt,zuzalu,usdt,offline,st,2025-10-28 22:54:37
rabusdt,rab,usdt,offline,st,2025-10-28 22:54:37
xemusdt,xem,usdt,online,st,2025-10-28 22:54:37
zelixusdt,zelix,usdt,offline,st,2025-10-28 22:54:37
brwlusdt,brwl,usdt,offline,st,2025-10-28 22:54:37
ceekusdt,ceek,usdt,offline,st,2025-10-28 22:54:37
qspeth,qsp,eth,offline,st,2025-10-28 22:54:37
zerousdt,zero,usdt,offline,st,2025-10-28 22:54:37
opulusdt,opul,usdt,offline,st,2025-10-28 22:54:37
urousdt,uro,usdt,offline,st,2025-10-28 22:54:37
mtlusdt,mtl,usdt,online,st,2025-10-28 22:54:37
pumpoldusdt,pumpold,usdt,offline,st,2025-10-28 22:54:37
hggusdt,hgg,usdt,offline,st,2025-10-28 22:54:37
lambusdt,lamb,usdt,offline,st,2025-10-28 22:54:37
dypusdt,dyp,usdt,online,st,2025-10-28 22:54:37
ktusdt,kt,usdt,offline,st,2025-10-28 22:54:37
whalesusdt,whales,usdt,offline,st,2025-10-28 22:54:37
xetausdt,xeta,usdt,offline,st,2025-10-28 22:54:37
phxbtc,phx,btc,offline,st,2025-10-28 22:54:37
mxcusdt,mxc,usdt,online,"st,activities",2025-10-28 22:54:37
hatusdt,hat,usdt,offline,st,2025-10-28 22:54:37
cereusdt,cere,usdt,online,st,2025-10-28 22:54:37
bbfusdt,bbf,usdt,offline,st,2025-10-28 22:54:37
pewusdt,pew,usdt,offline,st,2025-10-28 22:54:37
pdausdt,pda,usdt,offline,st,2025-10-28 22:54:37
ostbtc,ost,btc,offline,st,2025-10-28 22:54:37
vrtxusdt,vrtx,usdt,offline,st,2025-10-28 22:54:37
ethfusdt,ethf,usdt,offline,st,2025-10-28 22:54:37
pbuxusdt,pbux,usdt,online,st,2025-10-28 22:54:37
snakesusdt,snakes,usdt,offline,st,2025-10-28 22:54:37
moovusdt,moov,usdt,offline,st,2025-10-28 22:54:37
nptusdt,npt,usdt,offline,st,2025-10-28 22:54:37
rdneth,rdn,eth,offline,st,2025-10-28 22:54:37
neurusdt,neur,usdt,offline,st,2025-10-28 22:54:37
rplusdt,rpl,usdt,online,st,2025-10-28 22:54:37
erthausdt,ertha,usdt,offline,st,2025-10-28 22:54:37
toxusdt,tox,usdt,offline,st,2025-10-28 22:54:37
lbausdt,lba,usdt,offline,"st,highrisk",2025-10-28 22:54:37
buzzusdt,buzz,usdt,online,st,2025-10-28 22:54:37
mcontentusdt,mcontent,usdt,offline,st,2025-10-28 22:54:37
qspbtc,qsp,btc,offline,"griddisabled,st",2025-10-28 22:54:37
strmusdt,strm,usdt,offline,st,2025-10-28 22:54:37
clearusdt,clear,usdt,offline,st,2025-10-28 22:54:37
pondusdt,pond,usdt,online,st,2025-10-28 22:54:37
evxeth,evx,eth,offline,st,2025-10-28 22:54:37
auryusdt,aury,usdt,offline,st,2025-10-28 22:54:37
sbtcbtc,sbtc,btc,offline,"st,abnormalmarket",2025-10-28 22:54:37
sillyusdt,silly,usdt,offline,st,2025-10-28 22:54:37
trollusdt,troll,usdt,offline,st,2025-10-28 22:54:37
shrapusdt,shrap,usdt,online,st,2025-10-28 22:54:37
dfiusdt,dfi,usdt,offline,st,2025-10-28 22:54:37
spellfireusdt,spellfire,usdt,offline,st,2025-10-28 22:54:37
engbtc,eng,btc,offline,st,2025-10-28 22:54:37
yfiiusdt,yfii,usdt,offline,st,2025-10-28 22:54:37
bullusdt,bull,usdt,offline,st,2025-10-28 22:54:37
xplausdt,xpla,usdt,offline,st,2025-10-28 22:54:37
1catusdt,1cat,usdt,offline,st,2025-10-28 22:54:37
hecusdt,hec,usdt,offline,st,2025-10-28 22:54:37
cateusdt,cate,usdt,offline,st,2025-10-28 22:54:37
cusdusdt,cusd,usdt,offline,st,2025-10-28 22:54:37
linausdt,lina,usdt,offline,st,2025-10-28 22:54:37
wojakusdt,wojak,usdt,offline,st,2025-10-28 22:54:37
zkbusdt,zkb,usdt,offline,st,2025-10-28 22:54:37
tronbullusdt,tronbull,usdt,offline,st,2025-10-28 22:54:37
anonusdt,anon,usdt,offline,st,2025-10-28 22:54:37
godsusdt,gods,usdt,online,st,2025-10-28 22:54:37
wsdmusdt,wsdm,usdt,online,st,2025-10-28 22:54:37
routeusdt,route,usdt,online,st,2025-10-28 22:54:37
kanusdt,kan,usdt,offline,st,2025-10-28 22:54:37
xenusdt,xen,usdt,offline,st,2025-10-28 22:54:37
elizactousdt,elizacto,usdt,offline,st,2025-10-28 22:54:37
rpkusdt,rpk,usdt,offline,st,2025-10-28 22:54:37
bblusdt,bbl,usdt,offline,"st,abnormalmarket",2025-10-28 22:54:37
watusdt,wat,usdt,offline,st,2025-10-28 22:54:37
griftusdt,grift,usdt,online,st,2025-10-28 22:54:37
lesterusdt,lester,usdt,offline,st,2025-10-28 22:54:37
bubbleusdt,bubble,usdt,offline,st,2025-10-28 22:54:37
lbabtc,lba,btc,offline,"st,highrisk",2025-10-28 22:54:37
prismausdt,prisma,usdt,offline,st,2025-10-28 22:54:37
dechatusdt,dechat,usdt,offline,st,2025-10-28 22:54:37
